Model,MSE,R²
XGBoost,0.3995875629743727,0.9315045836710507
Random Forest,0.40212271930464005,0.9310700191240261
PyTorch,1.260888854537208,0.7838643765757121
