Model,MSE,R²
XGBoost,0.3697625796059217,0.9366170417205949
Random Forest,0.40212271930464005,0.9310700191240261
PyTorch,1.260888854537208,0.7838643765757121
GNN,5.056713638558057,0.1332019861901369
